{"cameraMode":{"drawMode":0,"name":"Shaded","section":"Shading Mode"},"sceneLighting":false,"audioPlay":false,"sceneViewState":{"m_AlwaysRefresh":false,"showFog":true,"showSkybox":false,"showFlares":true,"showImageEffects":true,"showParticleSystems":true,"showVisualEffectGraphs":true,"m_FxEnabled":true},"in2DMode":false,"pivot":{"x":0.04378390312194824,"y":1.3440574407577515,"z":12.396037101745606},"rotation":{"x":-0.2030799239873886,"y":0.7948902249336243,"z":-0.3711259663105011,"w":-0.4349724054336548},"size":13.538909912109375,"orthographic":false}