{"cameraMode":{"drawMode":0,"name":"Shaded","section":"Shading Mode"},"sceneLighting":false,"audioPlay":false,"sceneViewState":{"m_AlwaysRefresh":false,"showFog":true,"showSkybox":false,"showFlares":true,"showImageEffects":true,"showParticleSystems":true,"showVisualEffectGraphs":true,"m_FxEnabled":true},"in2DMode":false,"pivot":{"x":0.13280940055847169,"y":1.2601855993270875,"z":12.241171836853028},"rotation":{"x":-0.2030799239873886,"y":0.7948902249336243,"z":-0.3711259663105011,"w":-0.4349724054336548},"size":13.663562774658204,"orthographic":false}